{"stats":{"minecraft:crafted":{"minecraft:crafting_table":1,"minecraft:oak_planks":12,"minecraft:stick":4,"minecraft:oak_sign":3},"minecraft:custom":{"minecraft:jump":2,"minecraft:time_since_rest":1724,"minecraft:leave_game":3,"minecraft:play_time":1724,"minecraft:time_since_death":1724,"minecraft:walk_one_cm":677,"minecraft:total_world_time":1802,"minecraft:interact_with_crafting_table":1},"minecraft:picked_up":{"minecraft:oak_log":4},"minecraft:mined":{"minecraft:oak_log":4,"minecraft:oak_leaves":2},"minecraft:used":{"minecraft:oak_sign":1,"minecraft:crafting_table":1}},"DataVersion":4189}